topology,speedup,seconds,planned,sent,completed
standalone,1.0,0,17,1,0
standalone,1.0,1,17,17,0
standalone,1.0,2,17,17,0
standalone,1.0,3,28,28,7
standalone,1.0,4,28,28,9
standalone,1.0,5,28,28,16
standalone,1.0,6,49,49,17
standalone,1.0,7,49,49,17
standalone,1.0,8,49,49,34
standalone,1.0,9,60,60,36
standalone,1.0,10,60,60,36
standalone,1.0,11,60,60,40
standalone,1.0,12,76,76,45
standalone,1.0,13,76,76,45
standalone,1.0,14,76,76,58
standalone,1.0,15,100,100,60
standalone,1.0,16,100,100,60
standalone,1.0,17,100,100,61
standalone,1.0,18,112,112,65
standalone,1.0,19,112,112,65
standalone,1.0,20,112,112,72
standalone,1.0,21,129,129,84
standalone,1.0,22,129,129,85
standalone,1.0,23,129,129,90
standalone,1.0,24,146,146,98
standalone,1.0,25,146,146,98
standalone,1.0,26,146,146,98
standalone,1.0,27,156,156,113
standalone,1.0,28,156,156,120
standalone,1.0,29,156,156,126
standalone,1.0,30,178,178,129
standalone,1.0,31,178,178,130
standalone,1.0,32,178,178,134
standalone,1.0,33,195,195,141
standalone,1.0,34,195,195,148
standalone,1.0,35,195,195,149
standalone,1.0,36,217,217,158
standalone,1.0,37,217,217,161
standalone,1.0,38,217,217,161
standalone,1.0,39,228,228,176
standalone,1.0,40,228,228,177
standalone,1.0,41,228,228,183
standalone,1.0,42,242,242,186
standalone,1.0,43,242,242,186
standalone,1.0,44,242,242,188
standalone,1.0,45,261,261,196
standalone,1.0,46,261,261,197
standalone,1.0,47,261,261,211
standalone,1.0,48,280,280,219
standalone,1.0,49,280,280,219
standalone,1.0,50,280,280,224
standalone,1.0,51,292,292,231
standalone,1.0,52,292,292,235
standalone,1.0,53,292,292,244
standalone,1.0,54,308,308,248
standalone,1.0,55,308,308,257
standalone,1.0,56,308,308,269
standalone,1.0,57,328,328,273
standalone,1.0,58,328,328,277
standalone,1.0,59,328,328,280
standalone,1.0,60,349,349,298
standalone,1.0,61,349,349,299
standalone,1.0,62,349,349,305
standalone,1.0,63,362,362,320
standalone,1.0,64,362,362,330
standalone,1.0,65,362,362,338
standalone,1.0,66,374,374,339
standalone,1.0,67,374,374,341
standalone,1.0,68,374,374,342
standalone,1.0,69,380,376,342
standalone,1.0,70,380,380,347
standalone,1.0,71,380,380,354
standalone,1.0,72,394,394,354
standalone,1.0,73,394,394,355
standalone,1.0,74,394,394,357
standalone,1.0,75,405,405,367
standalone,1.0,76,405,405,373
standalone,1.0,77,405,405,377
standalone,1.0,78,423,423,383
standalone,1.0,79,423,423,383
standalone,1.0,80,423,423,396
standalone,1.0,81,436,436,399
standalone,1.0,82,436,436,399
standalone,1.0,83,436,436,409
standalone,1.0,84,455,455,414
standalone,1.0,85,455,455,416
standalone,1.0,86,455,455,417
standalone,1.0,87,469,469,424
standalone,1.0,88,469,469,437
standalone,1.0,89,469,469,444
standalone,1.0,90,485,485,448
standalone,1.0,91,485,485,450
standalone,1.0,92,485,485,450
standalone,1.0,93,500,500,458
standalone,1.0,94,500,500,459
standalone,1.0,95,500,500,471
standalone,1.0,96,517,517,475
standalone,1.0,97,517,517,477
standalone,1.0,98,517,517,488
standalone,1.0,99,536,536,495
standalone,1.0,100,536,536,495
standalone,1.0,101,536,536,516
standalone,1.0,102,544,544,518
standalone,1.0,103,544,544,522
standalone,1.0,104,544,544,529
standalone,1.0,105,555,555,533
standalone,1.0,106,555,555,539
standalone,1.0,107,555,555,547
standalone,1.0,108,569,569,548
standalone,1.0,109,569,569,548
standalone,1.0,110,569,569,548
standalone,1.0,111,587,587,554
standalone,1.0,112,587,587,566
standalone,1.0,113,587,587,570
standalone,1.0,114,605,605,571
standalone,1.0,115,605,605,571
standalone,1.0,116,605,605,581
standalone,1.0,117,622,622,586
standalone,1.0,118,622,622,587
standalone,1.0,119,622,622,599
standalone,1.0,120,641,641,601
standalone,1.0,121,641,641,601
standalone,1.0,122,641,641,610
standalone,1.0,123,661,661,614
standalone,1.0,124,661,661,615
standalone,1.0,125,661,661,622
standalone,1.0,126,681,681,627
standalone,1.0,127,681,681,627
standalone,1.0,128,681,681,628
standalone,1.0,129,696,696,631
standalone,1.0,130,696,696,634
standalone,1.0,131,696,696,656
standalone,1.0,132,717,717,659
standalone,1.0,133,717,717,659
standalone,1.0,134,717,717,659
standalone,1.0,135,731,731,665
standalone,1.0,136,731,731,670
standalone,1.0,137,731,731,670
standalone,1.0,138,746,746,680
standalone,1.0,139,746,746,681
standalone,1.0,140,746,746,695
standalone,1.0,141,769,769,698
standalone,1.0,142,769,769,701
standalone,1.0,143,769,769,701
standalone,1.0,144,792,792,710
standalone,1.0,145,792,792,716
standalone,1.0,146,792,792,717
standalone,1.0,147,808,808,724
standalone,1.0,148,808,808,731
standalone,1.0,149,808,808,743
standalone,1.0,150,825,825,750
standalone,1.0,151,825,825,752
standalone,1.0,152,825,825,757
standalone,1.0,153,847,847,771
standalone,1.0,154,847,847,775
standalone,1.0,155,847,847,775
standalone,1.0,156,870,870,780
standalone,1.0,157,870,870,780
standalone,1.0,158,870,870,782
standalone,1.0,159,895,895,788
standalone,1.0,160,895,895,795
standalone,1.0,161,895,895,796
standalone,1.0,162,921,921,809
standalone,1.0,163,921,921,812
standalone,1.0,164,921,921,818
standalone,1.0,165,935,935,829
standalone,1.0,166,935,935,837
standalone,1.0,167,935,935,838
standalone,1.0,168,947,947,843
standalone,1.0,169,947,947,854
standalone,1.0,170,947,947,859
standalone,1.0,171,955,955,865
standalone,1.0,172,955,955,865
standalone,1.0,173,955,955,868
standalone,1.0,174,961,961,872
standalone,1.0,175,961,961,875
standalone,1.0,176,961,961,877
standalone,1.0,177,977,977,880
standalone,1.0,178,977,977,881
standalone,1.0,179,977,977,885
standalone,1.0,180,1002,1002,890
standalone,1.0,181,1002,1002,892
standalone,1.0,182,1002,1002,903
standalone,1.0,183,1019,1019,912
standalone,1.0,184,1019,1019,914
standalone,1.0,185,1019,1019,914
standalone,1.0,186,1045,1045,923
standalone,1.0,187,1045,1045,925
standalone,1.0,188,1045,1045,931
standalone,1.0,189,1062,1062,940
standalone,1.0,190,1062,1062,946
standalone,1.0,191,1062,1062,947
standalone,1.0,192,1073,1073,956
standalone,1.0,193,1073,1073,962
standalone,1.0,194,1073,1073,968
standalone,1.0,195,1090,1082,971
standalone,1.0,196,1090,1090,974
standalone,1.0,197,1090,1090,974
standalone,1.0,198,1109,1109,979
standalone,1.0,199,1109,1109,985
standalone,1.0,200,1109,1109,994
standalone,1.0,201,1129,1129,1003
standalone,1.0,202,1129,1129,1006
standalone,1.0,203,1129,1129,1014
standalone,1.0,204,1142,1142,1023
standalone,1.0,205,1142,1142,1029
standalone,1.0,206,1142,1142,1041
standalone,1.0,207,1164,1164,1044
standalone,1.0,208,1164,1164,1047
standalone,1.0,209,1164,1164,1049
standalone,1.0,210,1180,1180,1052
standalone,1.0,211,1180,1180,1060
standalone,1.0,212,1180,1180,1070
standalone,1.0,213,1192,1192,1082
standalone,1.0,214,1192,1192,1086
standalone,1.0,215,1192,1192,1089
standalone,1.0,216,1210,1210,1099
standalone,1.0,217,1210,1210,1106
standalone,1.0,218,1210,1210,1110
standalone,1.0,219,1225,1225,1119
standalone,1.0,220,1225,1225,1121
standalone,1.0,221,1225,1225,1128
standalone,1.0,222,1241,1241,1135
standalone,1.0,223,1241,1241,1138
standalone,1.0,224,1241,1241,1142
standalone,1.0,225,1257,1257,1153
standalone,1.0,226,1257,1257,1155
standalone,1.0,227,1257,1257,1159
standalone,1.0,228,1257,1271,1168
standalone,1.0,229,1271,1271,1171
standalone,1.0,230,1271,1271,1177
standalone,1.0,231,1287,1287,1183
standalone,1.0,232,1287,1287,1185
standalone,1.0,233,1287,1287,1193
standalone,1.0,234,1305,1305,1203
standalone,1.0,235,1305,1305,1206
standalone,1.0,236,1305,1305,1206
standalone,1.0,237,1316,1316,1209
standalone,1.0,238,1316,1316,1209
standalone,1.0,239,1316,1316,1214
standalone,1.0,240,1325,1325,1224
standalone,1.0,241,1325,1325,1236
standalone,1.0,242,1325,1325,1241
standalone,1.0,243,1340,1340,1244
standalone,1.0,244,1340,1340,1247
standalone,1.0,245,1340,1340,1250
standalone,1.0,246,1360,1360,1255
standalone,1.0,247,1360,1360,1258
standalone,1.0,248,1360,1360,1258
standalone,1.0,249,1377,1377,1268
standalone,1.0,250,1377,1377,1273
standalone,1.0,251,1377,1377,1281
standalone,1.0,252,1392,1392,1287
standalone,1.0,253,1392,1392,1288
standalone,1.0,254,1392,1392,1290
standalone,1.0,255,1408,1408,1294
standalone,1.0,256,1408,1408,1297
standalone,1.0,257,1408,1408,1306
standalone,1.0,258,1427,1427,1313
standalone,1.0,259,1427,1427,1316
standalone,1.0,260,1427,1427,1316
standalone,1.0,261,1446,1446,1323
standalone,1.0,262,1446,1446,1326
standalone,1.0,263,1446,1446,1338
standalone,1.0,264,1473,1473,1348
standalone,1.0,265,1473,1473,1349
standalone,1.0,266,1473,1473,1349
standalone,1.0,267,1490,1490,1350
standalone,1.0,268,1490,1490,1356
standalone,1.0,269,1490,1490,1368
standalone,1.0,270,1517,1517,1380
standalone,1.0,271,1517,1517,1388
standalone,1.0,272,1517,1517,1389
standalone,1.0,273,1535,1535,1395
standalone,1.0,274,1535,1535,1397
standalone,1.0,275,1535,1535,1404
standalone,1.0,276,1551,1551,1416
standalone,1.0,277,1551,1551,1419
standalone,1.0,278,1551,1551,1433
standalone,1.0,279,1571,1571,1443
standalone,1.0,280,1571,1571,1447
standalone,1.0,281,1571,1571,1450
standalone,1.0,282,1587,1587,1460
standalone,1.0,283,1587,1587,1470
standalone,1.0,284,1587,1587,1482
standalone,1.0,285,1605,1605,1493
standalone,1.0,286,1605,1605,1496
standalone,1.0,287,1605,1605,1504
standalone,1.0,288,1615,1615,1511
standalone,1.0,289,1615,1615,1514
standalone,1.0,290,1615,1615,1521
standalone,1.0,291,1635,1635,1529
standalone,1.0,292,1635,1635,1532
standalone,1.0,293,1635,1635,1539
standalone,1.0,294,1659,1659,1550
standalone,1.0,295,1659,1659,1552
standalone,1.0,296,1659,1659,1552
standalone,1.0,297,1684,1684,1564
standalone,1.0,298,1684,1684,1568
standalone,1.0,299,1684,1684,1568
standalone,1.0,300,1703,1703,1572
standalone,1.0,301,1703,1703,1573
standalone,1.0,302,1703,1703,1584
standalone,1.0,303,1724,1724,1597
standalone,1.0,304,1724,1724,1605
standalone,1.0,305,1724,1724,1610
standalone,1.0,306,1746,1746,1619
standalone,1.0,307,1746,1746,1622
standalone,1.0,308,1746,1746,1623
standalone,1.0,309,1769,1769,1632
standalone,1.0,310,1769,1769,1633
standalone,1.0,311,1769,1769,1633
standalone,1.0,312,1783,1783,1646
standalone,1.0,313,1783,1783,1650
standalone,1.0,314,1783,1783,1650
standalone,1.0,315,1808,1808,1660
standalone,1.0,316,1808,1808,1663
standalone,1.0,317,1808,1808,1663
standalone,1.0,318,1832,1832,1671
standalone,1.0,319,1832,1832,1680
standalone,1.0,320,1832,1832,1694
standalone,1.0,321,1855,1855,1710
standalone,1.0,322,1855,1855,1714
standalone,1.0,323,1855,1855,1715
standalone,1.0,324,1879,1879,1721
standalone,1.0,325,1879,1879,1729
standalone,1.0,326,1879,1879,1733
standalone,1.0,327,1906,1906,1743
standalone,1.0,328,1906,1906,1746
standalone,1.0,329,1906,1906,1748
standalone,1.0,330,1928,1928,1767
standalone,1.0,331,1928,1928,1774
standalone,1.0,332,1928,1928,1776
standalone,1.0,333,1950,1950,1791
standalone,1.0,334,1950,1950,1797
standalone,1.0,335,1950,1950,1798
standalone,1.0,336,1970,1970,1809
standalone,1.0,337,1970,1970,1811
standalone,1.0,338,1970,1970,1829
standalone,1.0,339,1988,1988,1839
standalone,1.0,340,1988,1988,1841
standalone,1.0,341,1988,1988,1847
standalone,1.0,342,2013,2013,1859
standalone,1.0,343,2013,2013,1865
standalone,1.0,344,2013,2013,1882
standalone,1.0,345,2038,2038,1896
standalone,1.0,346,2038,2038,1899
standalone,1.0,347,2038,2038,1900
standalone,1.0,348,2070,2070,1900
standalone,1.0,349,2070,2070,1903
standalone,1.0,350,2070,2070,1903
standalone,1.0,351,2088,2088,1904
standalone,1.0,352,2088,2088,1909
standalone,1.0,353,2088,2088,1912
standalone,1.0,354,2101,2101,1927
standalone,1.0,355,2101,2101,1937
standalone,1.0,356,2101,2101,1938
standalone,1.0,357,2119,2119,1944
standalone,1.0,358,2119,2119,1947
standalone,1.0,359,2119,2119,1957
standalone,1.0,360,2144,2144,1969
standalone,1.0,361,2144,2144,1972
standalone,1.0,362,2144,2144,1972
standalone,1.0,363,2163,2163,1980
standalone,1.0,364,2163,2163,1986
standalone,1.0,365,2163,2163,1987
standalone,1.0,366,2173,2173,1998
standalone,1.0,367,2173,2173,2003
standalone,1.0,368,2173,2173,2010
standalone,1.0,369,2198,2198,2021
standalone,1.0,370,2198,2198,2026
standalone,1.0,371,2198,2198,2035
standalone,1.0,372,2217,2217,2056
standalone,1.0,373,2217,2217,2061
standalone,1.0,374,2217,2217,2065
standalone,1.0,375,2231,2231,2073
standalone,1.0,376,2231,2231,2075
standalone,1.0,377,2231,2231,2082
standalone,1.0,378,2250,2250,2092
standalone,1.0,379,2250,2250,2098
standalone,1.0,380,2250,2250,2099
standalone,1.0,381,2275,2275,2104
standalone,1.0,382,2275,2275,2109
standalone,1.0,383,2275,2275,2109
standalone,1.0,384,2292,2292,2115
standalone,1.0,385,2292,2292,2121
standalone,1.0,386,2292,2292,2142
standalone,1.0,387,2318,2318,2153
standalone,1.0,388,2318,2318,2158
standalone,1.0,389,2318,2318,2165
standalone,1.0,390,2347,2347,2180
standalone,1.0,391,2347,2347,2185
standalone,1.0,392,2347,2347,2204
standalone,1.0,393,2363,2363,2210
standalone,1.0,394,2363,2363,2215
standalone,1.0,395,2363,2363,2234
standalone,1.0,396,2379,2379,2243
standalone,1.0,397,2379,2379,2245
standalone,1.0,398,2379,2379,2247
standalone,1.0,399,2403,2403,2255
standalone,1.0,400,2403,2403,2261
standalone,1.0,401,2403,2403,2262
standalone,1.0,402,2419,2419,2278
standalone,1.0,403,2419,2419,2280
standalone,1.0,404,2419,2419,2284
standalone,1.0,405,2435,2435,2295
standalone,1.0,406,2435,2435,2302
standalone,1.0,407,2435,2435,2314
standalone,1.0,408,2452,2452,2323
standalone,1.0,409,2452,2452,2328
standalone,1.0,410,2452,2452,2334
standalone,1.0,411,2469,2469,2345
standalone,1.0,412,2469,2469,2350
standalone,1.0,413,2469,2469,2351
standalone,1.0,414,2484,2484,2363
standalone,1.0,415,2484,2484,2375
standalone,1.0,416,2484,2484,2384
standalone,1.0,417,2510,2510,2393
standalone,1.0,418,2510,2510,2395
standalone,1.0,419,2510,2510,2405
standalone,1.0,420,2531,2531,2422
standalone,1.0,421,2531,2531,2424
standalone,1.0,422,2531,2531,2433
standalone,1.0,423,2544,2544,2447
standalone,1.0,424,2544,2544,2452
standalone,1.0,425,2544,2544,2453
standalone,1.0,426,2555,2555,2457
standalone,1.0,427,2555,2555,2460
standalone,1.0,428,2555,2555,2463
standalone,1.0,429,2578,2578,2469
standalone,1.0,430,2578,2578,2469
standalone,1.0,431,2578,2578,2469
standalone,1.0,432,2597,2597,2481
standalone,1.0,433,2597,2597,2485
standalone,1.0,434,2597,2597,2486
standalone,1.0,435,2628,2628,2498
standalone,1.0,436,2628,2628,2503
standalone,1.0,437,2628,2628,2503
standalone,1.0,438,2641,2641,2520
standalone,1.0,439,2641,2641,2532
standalone,1.0,440,2641,2641,2538
standalone,1.0,441,2666,2660,2543
standalone,1.0,442,2666,2666,2551
standalone,1.0,443,2666,2666,2560
standalone,1.0,444,2685,2685,2575
standalone,1.0,445,2685,2685,2579
standalone,1.0,446,2685,2685,2589
standalone,1.0,447,2700,2700,2596
standalone,1.0,448,2700,2700,2600
standalone,1.0,449,2700,2700,2614
standalone,1.0,450,2725,2725,2620
standalone,1.0,451,2725,2725,2621
standalone,1.0,452,2725,2725,2621
standalone,1.0,453,2742,2742,2626
standalone,1.0,454,2742,2742,2628
standalone,1.0,455,2742,2742,2629
standalone,1.0,456,2750,2750,2637
standalone,1.0,457,2750,2750,2640
standalone,1.0,458,2750,2750,2644
standalone,1.0,459,2765,2765,2657
standalone,1.0,460,2765,2765,2659
standalone,1.0,461,2765,2765,2661
standalone,1.0,462,2782,2782,2675
standalone,1.0,463,2782,2782,2675
standalone,1.0,464,2782,2782,2678
standalone,1.0,465,2803,2803,2687
standalone,1.0,466,2803,2803,2692
standalone,1.0,467,2803,2803,2699
standalone,1.0,468,2823,2823,2706
standalone,1.0,469,2823,2823,2709
standalone,1.0,470,2823,2823,2710
standalone,1.0,471,2842,2842,2714
standalone,1.0,472,2842,2842,2716
standalone,1.0,473,2842,2842,2716
standalone,1.0,474,2864,2864,2723
standalone,1.0,475,2864,2864,2725
standalone,1.0,476,2864,2864,2746
standalone,1.0,477,2881,2881,2761
standalone,1.0,478,2881,2881,2766
standalone,1.0,479,2881,2881,2766
standalone,1.0,480,2896,2896,2768
standalone,1.0,481,2896,2896,2771
standalone,1.0,482,2896,2896,2778
standalone,1.0,483,2917,2917,2787
standalone,1.0,484,2917,2917,2793
standalone,1.0,485,2917,2917,2794
standalone,1.0,486,2931,2931,2801
standalone,1.0,487,2931,2931,2804
standalone,1.0,488,2931,2931,2807
standalone,1.0,489,2953,2953,2815
standalone,1.0,490,2953,2953,2820
standalone,1.0,491,2953,2953,2825
standalone,1.0,492,2965,2965,2828
standalone,1.0,493,2965,2965,2828
standalone,1.0,494,2965,2965,2842
standalone,1.0,495,2984,2984,2846
standalone,1.0,496,2984,2984,2851
standalone,1.0,497,2984,2984,2853
standalone,1.0,498,2994,2994,2856
standalone,1.0,499,2994,2994,2859
standalone,1.0,500,2994,2994,2859
standalone,1.0,501,3011,3011,2862
standalone,1.0,502,3011,3011,2864
standalone,1.0,503,3011,3011,2867
standalone,1.0,504,3033,3033,2869
standalone,1.0,505,3033,3033,2869
standalone,1.0,506,3033,3033,2875
standalone,1.0,507,3049,3049,2885
standalone,1.0,508,3049,3049,2890
standalone,1.0,509,3049,3049,2895
standalone,1.0,510,3074,3074,2900
standalone,1.0,511,3074,3074,2901
standalone,1.0,512,3074,3074,2902
standalone,1.0,513,3109,3106,2905
standalone,1.0,514,3109,3109,2914
standalone,1.0,515,3109,3109,2915
standalone,1.0,516,3127,3127,2916
standalone,1.0,517,3127,3127,2918
standalone,1.0,518,3127,3127,2923
standalone,1.0,519,3143,3143,2943
standalone,1.0,520,3143,3143,2957
standalone,1.0,521,3143,3143,2967
standalone,1.0,522,3175,3175,2974
standalone,1.0,523,3175,3175,2977
standalone,1.0,524,3175,3175,2977
standalone,1.0,525,3187,3187,2991
standalone,1.0,526,3187,3187,2993
standalone,1.0,527,3187,3187,3008
standalone,1.0,528,3199,3199,3019
standalone,1.0,529,3199,3199,3029
standalone,1.0,530,3199,3199,3034
standalone,1.0,531,3226,3226,3045
standalone,1.0,532,3226,3226,3047
standalone,1.0,533,3226,3226,3058
standalone,1.0,534,3239,3239,3067
standalone,1.0,535,3239,3239,3078
standalone,1.0,536,3239,3239,3089
standalone,1.0,537,3257,3257,3100
standalone,1.0,538,3257,3257,3100
standalone,1.0,539,3257,3257,3121
standalone,1.0,540,3278,3278,3129
standalone,1.0,541,3278,3278,3131
standalone,1.0,542,3278,3278,3131
standalone,1.0,543,3286,3286,3139
standalone,1.0,544,3286,3286,3142
standalone,1.0,545,3286,3286,3157
standalone,1.0,546,3306,3306,3167
standalone,1.0,547,3306,3306,3169
standalone,1.0,548,3306,3306,3169
standalone,1.0,549,3317,3317,3183
standalone,1.0,550,3317,3317,3199
standalone,1.0,551,3317,3317,3215
standalone,1.0,552,3337,3337,3226
standalone,1.0,553,3337,3337,3231
standalone,1.0,554,3337,3337,3233
standalone,1.0,555,3357,3357,3238
standalone,1.0,556,3357,3357,3240
standalone,1.0,557,3357,3357,3253
standalone,1.0,558,3372,3372,3261
standalone,1.0,559,3372,3372,3268
standalone,1.0,560,3372,3372,3268
standalone,1.0,561,3383,3383,3273
standalone,1.0,562,3383,3383,3278
standalone,1.0,563,3383,3383,3296
standalone,1.0,564,3398,3398,3299
standalone,1.0,565,3398,3398,3300
standalone,1.0,566,3398,3398,3319
standalone,1.0,567,3412,3412,3326
standalone,1.0,568,3412,3412,3333
standalone,1.0,569,3412,3412,3339
standalone,1.0,570,3427,3427,3347
standalone,1.0,571,3427,3427,3349
standalone,1.0,572,3427,3427,3349
standalone,1.0,573,3440,3440,3358
standalone,1.0,574,3440,3440,3364
standalone,1.0,575,3440,3440,3372
standalone,1.0,576,3448,3448,3375
standalone,1.0,577,3448,3448,3382
standalone,1.0,578,3448,3448,3389
standalone,1.0,579,3461,3461,3394
standalone,1.0,580,3461,3461,3403
standalone,1.0,581,3461,3461,3415
standalone,1.0,582,3478,3478,3424
standalone,1.0,583,3478,3478,3425
standalone,1.0,584,3478,3478,3428
standalone,1.0,585,3499,3499,3439
standalone,1.0,586,3499,3499,3439
standalone,1.0,587,3499,3499,3440
standalone,1.0,588,3532,3532,3446
standalone,1.0,589,3532,3532,3448
standalone,1.0,590,3532,3532,3454
standalone,1.0,591,3562,3562,3475
standalone,1.0,592,3562,3562,3478
standalone,1.0,593,3562,3562,3478
standalone,1.0,594,3589,3589,3489
standalone,1.0,595,3589,3589,3495
standalone,1.0,596,3589,3589,3511
standalone,1.0,597,3617,3617,3520
standalone,1.0,598,3617,3617,3526
standalone,1.0,599,3617,3617,3539
standalone,1.0,600,3643,3643,3552
standalone,1.0,601,3643,3643,3554
standalone,1.0,602,3643,3643,3554
standalone,1.0,603,3643,3643,3557
standalone,1.0,604,3643,3643,3565
standalone,1.0,605,3643,3643,3572
standalone,1.0,606,3643,3643,3577
standalone,1.0,607,3643,3643,3581
standalone,1.0,608,3643,3643,3589
standalone,1.0,609,3643,3643,3594
standalone,1.0,610,3643,3643,3601
standalone,1.0,611,3643,3643,3609
standalone,1.0,612,3643,3643,3610
standalone,1.0,613,3643,3643,3613
standalone,1.0,614,3643,3643,3621
standalone,1.0,615,3643,3643,3628
standalone,1.0,616,3643,3643,3632
standalone,1.0,617,3643,3643,3634
standalone,1.0,618,3643,3643,3640
standalone,1.0,619,3643,3643,3641
standalone,1.0,620,3643,3643,3643
standalone,1.0,621,3643,3643,3643
pd,1.0,0,17,1,0
pd,1.0,1,17,17,1
pd,1.0,2,17,17,8
pd,1.0,3,28,28,11
pd,1.0,4,28,28,12
pd,1.0,5,28,28,15
pd,1.0,6,49,49,19
pd,1.0,7,49,49,20
pd,1.0,8,49,49,28
pd,1.0,9,60,60,35
pd,1.0,10,60,60,40
pd,1.0,11,60,60,45
pd,1.0,12,76,76,48
pd,1.0,13,76,76,49
pd,1.0,14,76,76,59
pd,1.0,15,100,100,64
pd,1.0,16,100,100,69
pd,1.0,17,100,100,74
pd,1.0,18,112,112,80
pd,1.0,19,112,112,84
pd,1.0,20,112,112,87
pd,1.0,21,129,129,94
pd,1.0,22,129,129,98
pd,1.0,23,129,129,105
pd,1.0,24,146,146,109
pd,1.0,25,146,146,112
pd,1.0,26,146,146,125
pd,1.0,27,156,156,130
pd,1.0,28,156,156,133
pd,1.0,29,156,156,144
pd,1.0,30,178,178,147
pd,1.0,31,178,178,148
pd,1.0,32,178,178,153
pd,1.0,33,195,195,162
pd,1.0,34,195,195,168
pd,1.0,35,195,195,171
pd,1.0,36,217,217,175
pd,1.0,37,217,217,178
pd,1.0,38,217,217,190
pd,1.0,39,228,228,192
pd,1.0,40,228,228,195
pd,1.0,41,228,228,198
pd,1.0,42,242,242,202
pd,1.0,43,242,242,205
pd,1.0,44,242,242,208
pd,1.0,45,261,261,215
pd,1.0,46,261,261,220
pd,1.0,47,261,261,232
pd,1.0,48,280,280,238
pd,1.0,49,280,280,243
pd,1.0,50,280,280,246
pd,1.0,51,292,292,256
pd,1.0,52,292,292,260
pd,1.0,53,292,292,271
pd,1.0,54,308,308,274
pd,1.0,55,308,308,281
pd,1.0,56,308,308,293
pd,1.0,57,328,328,297
pd,1.0,58,328,328,300
pd,1.0,59,328,328,310
pd,1.0,60,349,337,315
pd,1.0,61,349,349,323
pd,1.0,62,349,349,327
pd,1.0,63,362,362,331
pd,1.0,64,362,362,336
pd,1.0,65,362,362,349
pd,1.0,66,374,374,351
pd,1.0,67,374,374,352
pd,1.0,68,374,374,357
pd,1.0,69,380,380,362
pd,1.0,70,380,380,365
pd,1.0,71,380,380,370
pd,1.0,72,394,394,370
pd,1.0,73,394,394,370
pd,1.0,74,394,394,373
pd,1.0,75,405,405,379
pd,1.0,76,405,405,384
pd,1.0,77,405,405,391
pd,1.0,78,423,423,391
pd,1.0,79,423,423,393
pd,1.0,80,423,423,397
pd,1.0,81,436,436,408
pd,1.0,82,436,436,410
pd,1.0,83,436,436,416
pd,1.0,84,455,455,421
pd,1.0,85,455,455,425
pd,1.0,86,455,455,431
pd,1.0,87,469,469,440
pd,1.0,88,469,469,441
pd,1.0,89,469,469,450
pd,1.0,90,485,485,455
pd,1.0,91,485,485,461
pd,1.0,92,485,485,466
pd,1.0,93,500,500,472
pd,1.0,94,500,500,476
pd,1.0,95,500,500,485
pd,1.0,96,517,517,487
pd,1.0,97,517,517,491
pd,1.0,98,517,517,497
pd,1.0,99,536,536,506
pd,1.0,100,536,536,507
pd,1.0,101,536,536,517
pd,1.0,102,544,544,530
pd,1.0,103,544,544,533
pd,1.0,104,544,544,538
pd,1.0,105,555,555,539
pd,1.0,106,555,555,542
pd,1.0,107,555,555,550
pd,1.0,108,569,569,553
pd,1.0,109,569,569,554
pd,1.0,110,569,569,556
pd,1.0,111,587,587,557
pd,1.0,112,587,587,559
pd,1.0,113,587,587,572
pd,1.0,114,605,605,575
pd,1.0,115,605,605,579
pd,1.0,116,605,605,586
pd,1.0,117,622,622,589
pd,1.0,118,622,622,589
pd,1.0,119,622,622,601
pd,1.0,120,641,641,607
pd,1.0,121,641,641,609
pd,1.0,122,641,641,619
pd,1.0,123,661,661,629
pd,1.0,124,661,661,630
pd,1.0,125,661,661,636
pd,1.0,126,681,681,643
pd,1.0,127,681,681,644
pd,1.0,128,681,681,647
pd,1.0,129,696,696,653
pd,1.0,130,696,696,656
pd,1.0,131,696,696,662
pd,1.0,132,717,717,675
pd,1.0,133,717,717,678
pd,1.0,134,717,717,682
pd,1.0,135,731,731,690
pd,1.0,136,731,731,693
pd,1.0,137,731,731,699
pd,1.0,138,746,746,707
pd,1.0,139,746,746,713
pd,1.0,140,746,746,720
pd,1.0,141,769,769,725
pd,1.0,142,769,769,726
pd,1.0,143,769,769,730
pd,1.0,144,792,792,739
pd,1.0,145,792,792,747
pd,1.0,146,792,792,755
pd,1.0,147,808,808,764
pd,1.0,148,808,808,769
pd,1.0,149,808,808,778
pd,1.0,150,825,825,781
pd,1.0,151,825,825,785
pd,1.0,152,825,825,794
pd,1.0,153,847,847,803
pd,1.0,154,847,847,807
pd,1.0,155,847,847,813
pd,1.0,156,870,870,819
pd,1.0,157,870,870,823
pd,1.0,158,870,870,827
pd,1.0,159,895,895,835
pd,1.0,160,895,895,842
pd,1.0,161,895,895,849
pd,1.0,162,921,921,856
pd,1.0,163,921,921,864
pd,1.0,164,921,921,872
pd,1.0,165,935,935,877
pd,1.0,166,935,935,887
pd,1.0,167,935,935,893
pd,1.0,168,947,947,898
pd,1.0,169,947,947,907
pd,1.0,170,947,947,909
pd,1.0,171,955,955,910
pd,1.0,172,955,955,913
pd,1.0,173,955,955,919
pd,1.0,174,961,961,926
pd,1.0,175,961,961,929
pd,1.0,176,961,961,933
pd,1.0,177,977,977,933
pd,1.0,178,977,977,933
pd,1.0,179,977,977,933
pd,1.0,180,1002,1002,933
pd,1.0,181,1002,1002,933
pd,1.0,182,1002,1002,933
pd,1.0,183,1019,1019,933
pd,1.0,184,1019,1019,933
pd,1.0,185,1019,1019,937
pd,1.0,186,1045,1045,945
pd,1.0,187,1045,1045,945
pd,1.0,188,1045,1045,946
pd,1.0,189,1062,1062,947
pd,1.0,190,1062,1062,951
pd,1.0,191,1062,1062,954
pd,1.0,192,1073,1073,967
pd,1.0,193,1073,1073,974
pd,1.0,194,1073,1073,981
pd,1.0,195,1090,1090,990
pd,1.0,196,1090,1090,995
pd,1.0,197,1090,1090,1004
pd,1.0,198,1109,1109,1012
pd,1.0,199,1109,1109,1017
pd,1.0,200,1109,1109,1024
pd,1.0,201,1129,1129,1028
pd,1.0,202,1129,1129,1031
pd,1.0,203,1129,1129,1039
pd,1.0,204,1142,1142,1045
pd,1.0,205,1142,1142,1056
pd,1.0,206,1142,1142,1066
pd,1.0,207,1164,1164,1075
pd,1.0,208,1164,1164,1092
pd,1.0,209,1164,1164,1098
pd,1.0,210,1180,1180,1104
pd,1.0,211,1180,1180,1112
pd,1.0,212,1180,1180,1117
pd,1.0,213,1192,1192,1130
pd,1.0,214,1192,1192,1138
pd,1.0,215,1192,1192,1146
pd,1.0,216,1210,1210,1162
pd,1.0,217,1210,1210,1170
pd,1.0,218,1210,1210,1175
pd,1.0,219,1225,1225,1185
pd,1.0,220,1225,1225,1189
pd,1.0,221,1225,1225,1194
pd,1.0,222,1241,1231,1201
pd,1.0,223,1241,1241,1204
pd,1.0,224,1241,1241,1211
pd,1.0,225,1257,1257,1224
pd,1.0,226,1257,1257,1225
pd,1.0,227,1257,1257,1231
pd,1.0,228,1257,1271,1237
pd,1.0,229,1271,1271,1239
pd,1.0,230,1271,1271,1243
pd,1.0,231,1287,1287,1251
pd,1.0,232,1287,1287,1253
pd,1.0,233,1287,1287,1255
pd,1.0,234,1305,1305,1266
pd,1.0,235,1305,1305,1269
pd,1.0,236,1305,1305,1272
pd,1.0,237,1316,1316,1283
pd,1.0,238,1316,1316,1285
pd,1.0,239,1316,1316,1288
pd,1.0,240,1325,1325,1294
pd,1.0,241,1325,1325,1299
pd,1.0,242,1325,1325,1305
pd,1.0,243,1340,1340,1307
pd,1.0,244,1340,1340,1311
pd,1.0,245,1340,1340,1315
pd,1.0,246,1360,1360,1322
pd,1.0,247,1360,1360,1327
pd,1.0,248,1360,1360,1328
pd,1.0,249,1377,1377,1336
pd,1.0,250,1377,1377,1341
pd,1.0,251,1377,1377,1347
pd,1.0,252,1392,1392,1355
pd,1.0,253,1392,1392,1361
pd,1.0,254,1392,1392,1369
pd,1.0,255,1408,1408,1377
pd,1.0,256,1408,1408,1379
pd,1.0,257,1408,1408,1386
pd,1.0,258,1427,1427,1391
pd,1.0,259,1427,1427,1393
pd,1.0,260,1427,1427,1396
pd,1.0,261,1446,1446,1408
pd,1.0,262,1446,1446,1415
pd,1.0,263,1446,1446,1422
pd,1.0,264,1473,1473,1432
pd,1.0,265,1473,1473,1435
pd,1.0,266,1473,1473,1437
pd,1.0,267,1490,1490,1442
pd,1.0,268,1490,1490,1446
pd,1.0,269,1490,1490,1455
pd,1.0,270,1517,1517,1457
pd,1.0,271,1517,1517,1466
pd,1.0,272,1517,1517,1475
pd,1.0,273,1535,1535,1477
pd,1.0,274,1535,1535,1485
pd,1.0,275,1535,1535,1489
pd,1.0,276,1551,1551,1496
pd,1.0,277,1551,1551,1503
pd,1.0,278,1551,1551,1514
pd,1.0,279,1571,1571,1519
pd,1.0,280,1571,1571,1524
pd,1.0,281,1571,1571,1534
pd,1.0,282,1587,1587,1542
pd,1.0,283,1587,1587,1545
pd,1.0,284,1587,1587,1563
pd,1.0,285,1605,1605,1564
pd,1.0,286,1605,1605,1568
pd,1.0,287,1605,1605,1578
pd,1.0,288,1615,1613,1584
pd,1.0,289,1615,1615,1587
pd,1.0,290,1615,1615,1594
pd,1.0,291,1635,1635,1602
pd,1.0,292,1635,1635,1603
pd,1.0,293,1635,1635,1611
pd,1.0,294,1659,1651,1620
pd,1.0,295,1659,1659,1626
pd,1.0,296,1659,1659,1630
pd,1.0,297,1684,1671,1636
pd,1.0,298,1684,1684,1641
pd,1.0,299,1684,1684,1645
pd,1.0,300,1703,1703,1656
pd,1.0,301,1703,1703,1662
pd,1.0,302,1703,1703,1670
pd,1.0,303,1724,1724,1679
pd,1.0,304,1724,1724,1684
pd,1.0,305,1724,1724,1689
pd,1.0,306,1746,1746,1697
pd,1.0,307,1746,1746,1704
pd,1.0,308,1746,1746,1706
pd,1.0,309,1769,1769,1713
pd,1.0,310,1769,1769,1723
pd,1.0,311,1769,1769,1729
pd,1.0,312,1783,1783,1735
pd,1.0,313,1783,1783,1739
pd,1.0,314,1783,1783,1746
pd,1.0,315,1808,1808,1754
pd,1.0,316,1808,1808,1758
pd,1.0,317,1808,1808,1766
pd,1.0,318,1832,1832,1775
pd,1.0,319,1832,1832,1782
pd,1.0,320,1832,1832,1786
pd,1.0,321,1855,1855,1807
pd,1.0,322,1855,1855,1809
pd,1.0,323,1855,1855,1814
pd,1.0,324,1879,1879,1825
pd,1.0,325,1879,1879,1832
pd,1.0,326,1879,1879,1839
pd,1.0,327,1906,1906,1844
pd,1.0,328,1906,1906,1856
pd,1.0,329,1906,1906,1863
pd,1.0,330,1928,1928,1873
pd,1.0,331,1928,1928,1883
pd,1.0,332,1928,1928,1888
pd,1.0,333,1950,1950,1900
pd,1.0,334,1950,1950,1908
pd,1.0,335,1950,1950,1912
pd,1.0,336,1970,1970,1923
pd,1.0,337,1970,1970,1929
pd,1.0,338,1970,1970,1930
pd,1.0,339,1988,1988,1944
pd,1.0,340,1988,1988,1952
pd,1.0,341,1988,1988,1957
pd,1.0,342,2013,2013,1970
pd,1.0,343,2013,2013,1972
pd,1.0,344,2013,2013,1978
pd,1.0,345,2038,2038,1992
pd,1.0,346,2038,2038,1998
pd,1.0,347,2038,2038,2003
pd,1.0,348,2070,2070,2016
pd,1.0,349,2070,2070,2018
pd,1.0,350,2070,2070,2021
pd,1.0,351,2088,2088,2027
pd,1.0,352,2088,2088,2032
pd,1.0,353,2088,2088,2040
pd,1.0,354,2101,2101,2048
pd,1.0,355,2101,2101,2054
pd,1.0,356,2101,2101,2060
pd,1.0,357,2119,2119,2067
pd,1.0,358,2119,2119,2070
pd,1.0,359,2119,2119,2075
pd,1.0,360,2144,2144,2084
pd,1.0,361,2144,2144,2086
pd,1.0,362,2144,2144,2093
pd,1.0,363,2163,2163,2104
pd,1.0,364,2163,2163,2110
pd,1.0,365,2163,2163,2118
pd,1.0,366,2173,2173,2127
pd,1.0,367,2173,2173,2134
pd,1.0,368,2173,2173,2141
pd,1.0,369,2198,2198,2146
pd,1.0,370,2198,2198,2149
pd,1.0,371,2198,2198,2158
pd,1.0,372,2217,2217,2172
pd,1.0,373,2217,2217,2179
pd,1.0,374,2217,2217,2187
pd,1.0,375,2231,2231,2197
pd,1.0,376,2231,2231,2199
pd,1.0,377,2231,2231,2200
pd,1.0,378,2250,2250,2207
pd,1.0,379,2250,2250,2208
pd,1.0,380,2250,2250,2215
pd,1.0,381,2275,2275,2220
pd,1.0,382,2275,2275,2224
pd,1.0,383,2275,2275,2230
pd,1.0,384,2292,2292,2239
pd,1.0,385,2292,2292,2241
pd,1.0,386,2292,2292,2249
pd,1.0,387,2318,2318,2263
pd,1.0,388,2318,2318,2269
pd,1.0,389,2318,2318,2275
pd,1.0,390,2347,2347,2291
pd,1.0,391,2347,2347,2298
pd,1.0,392,2347,2347,2304
pd,1.0,393,2363,2355,2313
pd,1.0,394,2363,2363,2327
pd,1.0,395,2363,2363,2337
pd,1.0,396,2379,2379,2347
pd,1.0,397,2379,2379,2352
pd,1.0,398,2379,2379,2357
pd,1.0,399,2403,2387,2366
pd,1.0,400,2403,2403,2368
pd,1.0,401,2403,2403,2372
pd,1.0,402,2419,2419,2381
pd,1.0,403,2419,2419,2390
pd,1.0,404,2419,2419,2393
pd,1.0,405,2435,2435,2399
pd,1.0,406,2435,2435,2401
pd,1.0,407,2435,2435,2413
pd,1.0,408,2452,2452,2415
pd,1.0,409,2452,2452,2418
pd,1.0,410,2452,2452,2424
pd,1.0,411,2469,2469,2430
pd,1.0,412,2469,2469,2436
pd,1.0,413,2469,2469,2441
pd,1.0,414,2484,2484,2451
pd,1.0,415,2484,2484,2455
pd,1.0,416,2484,2484,2463
pd,1.0,417,2510,2510,2468
pd,1.0,418,2510,2510,2475
pd,1.0,419,2510,2510,2480
pd,1.0,420,2531,2531,2493
pd,1.0,421,2531,2531,2501
pd,1.0,422,2531,2531,2507
pd,1.0,423,2544,2544,2518
pd,1.0,424,2544,2544,2522
pd,1.0,425,2544,2544,2522
pd,1.0,426,2555,2554,2527
pd,1.0,427,2555,2555,2528
pd,1.0,428,2555,2555,2535
pd,1.0,429,2578,2578,2537
pd,1.0,430,2578,2578,2538
pd,1.0,431,2578,2578,2541
pd,1.0,432,2597,2597,2543
pd,1.0,433,2597,2597,2556
pd,1.0,434,2597,2597,2567
pd,1.0,435,2628,2628,2575
pd,1.0,436,2628,2628,2581
pd,1.0,437,2628,2628,2587
pd,1.0,438,2641,2641,2592
pd,1.0,439,2641,2641,2606
pd,1.0,440,2641,2641,2610
pd,1.0,441,2666,2666,2618
pd,1.0,442,2666,2666,2623
pd,1.0,443,2666,2666,2629
pd,1.0,444,2685,2685,2638
pd,1.0,445,2685,2685,2653
pd,1.0,446,2685,2685,2663
pd,1.0,447,2700,2700,2673
pd,1.0,448,2700,2700,2676
pd,1.0,449,2700,2700,2682
pd,1.0,450,2725,2725,2689
pd,1.0,451,2725,2725,2692
pd,1.0,452,2725,2725,2698
pd,1.0,453,2742,2742,2702
pd,1.0,454,2742,2742,2708
pd,1.0,455,2742,2742,2709
pd,1.0,456,2750,2750,2713
pd,1.0,457,2750,2750,2719
pd,1.0,458,2750,2750,2723
pd,1.0,459,2765,2765,2730
pd,1.0,460,2765,2765,2731
pd,1.0,461,2765,2765,2742
pd,1.0,462,2782,2782,2747
pd,1.0,463,2782,2782,2752
pd,1.0,464,2782,2782,2754
pd,1.0,465,2803,2803,2763
pd,1.0,466,2803,2803,2765
pd,1.0,467,2803,2803,2772
pd,1.0,468,2823,2823,2776
pd,1.0,469,2823,2823,2784
pd,1.0,470,2823,2823,2788
pd,1.0,471,2842,2842,2794
pd,1.0,472,2842,2842,2798
pd,1.0,473,2842,2842,2800
pd,1.0,474,2864,2864,2805
pd,1.0,475,2864,2864,2814
pd,1.0,476,2864,2864,2819
pd,1.0,477,2881,2881,2826
pd,1.0,478,2881,2881,2833
pd,1.0,479,2881,2881,2841
pd,1.0,480,2896,2896,2851
pd,1.0,481,2896,2896,2853
pd,1.0,482,2896,2896,2858
pd,1.0,483,2917,2917,2871
pd,1.0,484,2917,2917,2874
pd,1.0,485,2917,2917,2879
pd,1.0,486,2931,2931,2888
pd,1.0,487,2931,2931,2891
pd,1.0,488,2931,2931,2896
pd,1.0,489,2953,2953,2908
pd,1.0,490,2953,2953,2910
pd,1.0,491,2953,2953,2915
pd,1.0,492,2965,2965,2924
pd,1.0,493,2965,2965,2931
pd,1.0,494,2965,2965,2938
pd,1.0,495,2984,2984,2948
pd,1.0,496,2984,2984,2950
pd,1.0,497,2984,2984,2955
pd,1.0,498,2994,2994,2957
pd,1.0,499,2994,2994,2962
pd,1.0,500,2994,2994,2966
pd,1.0,501,3011,3011,2968
pd,1.0,502,3011,3011,2971
pd,1.0,503,3011,3011,2974
pd,1.0,504,3033,3022,2979
pd,1.0,505,3033,3033,2984
pd,1.0,506,3033,3033,2991
pd,1.0,507,3049,3048,2998
pd,1.0,508,3049,3049,3004
pd,1.0,509,3049,3049,3006
pd,1.0,510,3074,3074,3012
pd,1.0,511,3074,3074,3015
pd,1.0,512,3074,3074,3017
pd,1.0,513,3109,3109,3025
pd,1.0,514,3109,3109,3038
pd,1.0,515,3109,3109,3046
pd,1.0,516,3127,3127,3054
pd,1.0,517,3127,3127,3063
pd,1.0,518,3127,3127,3070
pd,1.0,519,3143,3143,3077
pd,1.0,520,3143,3143,3090
pd,1.0,521,3143,3143,3099
pd,1.0,522,3175,3175,3108
pd,1.0,523,3175,3175,3115
pd,1.0,524,3175,3175,3121
pd,1.0,525,3187,3187,3132
pd,1.0,526,3187,3187,3142
pd,1.0,527,3187,3187,3147
pd,1.0,528,3199,3199,3158
pd,1.0,529,3199,3199,3161
pd,1.0,530,3199,3199,3169
pd,1.0,531,3226,3226,3172
pd,1.0,532,3226,3226,3180
pd,1.0,533,3226,3226,3188
pd,1.0,534,3239,3239,3201
pd,1.0,535,3239,3239,3212
pd,1.0,536,3239,3239,3223
pd,1.0,537,3257,3257,3224
pd,1.0,538,3257,3257,3228
pd,1.0,539,3257,3257,3239
pd,1.0,540,3278,3278,3244
pd,1.0,541,3278,3278,3248
pd,1.0,542,3278,3278,3250
pd,1.0,543,3286,3286,3255
pd,1.0,544,3286,3286,3262
pd,1.0,545,3286,3286,3267
pd,1.0,546,3306,3306,3273
pd,1.0,547,3306,3306,3275
pd,1.0,548,3306,3306,3281
pd,1.0,549,3317,3317,3290
pd,1.0,550,3317,3317,3295
pd,1.0,551,3317,3317,3304
pd,1.0,552,3337,3337,3306
pd,1.0,553,3337,3337,3310
pd,1.0,554,3337,3337,3317
pd,1.0,555,3357,3357,3324
pd,1.0,556,3357,3357,3325
pd,1.0,557,3357,3357,3328
pd,1.0,558,3372,3372,3340
pd,1.0,559,3372,3372,3347
pd,1.0,560,3372,3372,3352
pd,1.0,561,3383,3383,3359
pd,1.0,562,3383,3383,3363
pd,1.0,563,3383,3383,3369
pd,1.0,564,3398,3398,3371
pd,1.0,565,3398,3398,3374
pd,1.0,566,3398,3398,3383
pd,1.0,567,3412,3412,3391
pd,1.0,568,3412,3412,3392
pd,1.0,569,3412,3412,3402
pd,1.0,570,3427,3427,3407
pd,1.0,571,3427,3427,3410
pd,1.0,572,3427,3427,3412
pd,1.0,573,3440,3440,3416
pd,1.0,574,3440,3440,3419
pd,1.0,575,3440,3440,3424
pd,1.0,576,3448,3448,3426
pd,1.0,577,3448,3448,3431
pd,1.0,578,3448,3448,3436
pd,1.0,579,3461,3461,3441
pd,1.0,580,3461,3461,3446
pd,1.0,581,3461,3461,3452
pd,1.0,582,3478,3478,3454
pd,1.0,583,3478,3478,3457
pd,1.0,584,3478,3478,3459
pd,1.0,585,3499,3499,3466
pd,1.0,586,3499,3499,3466
pd,1.0,587,3499,3499,3467
pd,1.0,588,3532,3532,3469
pd,1.0,589,3532,3532,3474
pd,1.0,590,3532,3532,3481
pd,1.0,591,3562,3562,3489
pd,1.0,592,3562,3562,3508
pd,1.0,593,3562,3562,3514
pd,1.0,594,3589,3589,3520
pd,1.0,595,3589,3589,3534
pd,1.0,596,3589,3589,3543
pd,1.0,597,3617,3617,3549
pd,1.0,598,3617,3617,3563
pd,1.0,599,3617,3617,3574
pd,1.0,600,3643,3643,3587
pd,1.0,601,3643,3643,3597
pd,1.0,602,3643,3643,3605
pd,1.0,603,3643,3643,3610
pd,1.0,604,3643,3643,3616
pd,1.0,605,3643,3643,3621
pd,1.0,606,3643,3643,3622
pd,1.0,607,3643,3643,3625
pd,1.0,608,3643,3643,3627
pd,1.0,609,3643,3643,3630
pd,1.0,610,3643,3643,3633
pd,1.0,611,3643,3643,3634
pd,1.0,612,3643,3643,3637
pd,1.0,613,3643,3643,3640
pd,1.0,614,3643,3643,3642
pd,1.0,615,3643,3643,3643
pd,1.0,616,3643,3643,3643
standalone,1.2,0,17,1,0
standalone,1.2,1,17,17,0
standalone,1.2,2,17,17,5
standalone,1.2,3,28,28,11
standalone,1.2,4,28,28,11
standalone,1.2,5,49,49,16
standalone,1.2,6,49,49,17
standalone,1.2,7,49,49,34
standalone,1.2,8,60,60,35
standalone,1.2,9,60,60,35
standalone,1.2,10,76,76,41
standalone,1.2,11,76,76,42
standalone,1.2,12,76,76,57
standalone,1.2,13,100,100,57
standalone,1.2,14,100,100,57
standalone,1.2,15,112,112,57
standalone,1.2,16,112,112,59
standalone,1.2,17,112,112,59
standalone,1.2,18,129,129,62
standalone,1.2,19,129,129,64
standalone,1.2,20,146,146,72
standalone,1.2,21,146,146,86
standalone,1.2,22,146,146,100
standalone,1.2,23,156,156,105
standalone,1.2,24,156,156,115
standalone,1.2,25,178,178,115
standalone,1.2,26,178,178,118
standalone,1.2,27,178,178,118
standalone,1.2,28,195,195,125
standalone,1.2,29,195,195,127
standalone,1.2,30,217,217,130
standalone,1.2,31,217,217,134
standalone,1.2,32,217,217,137
standalone,1.2,33,228,228,145
standalone,1.2,34,228,228,148
standalone,1.2,35,242,242,164
standalone,1.2,36,242,242,167
standalone,1.2,37,242,242,167
standalone,1.2,38,261,261,172
standalone,1.2,39,261,261,177
standalone,1.2,40,280,280,180
standalone,1.2,41,280,280,183
standalone,1.2,42,280,280,189
standalone,1.2,43,292,292,196
standalone,1.2,44,292,292,203
standalone,1.2,45,308,308,210
standalone,1.2,46,308,308,217
standalone,1.2,47,308,308,225
standalone,1.2,48,328,328,226
standalone,1.2,49,328,328,226
standalone,1.2,50,349,349,231
standalone,1.2,51,349,349,235
standalone,1.2,52,349,349,247
standalone,1.2,53,362,362,256
standalone,1.2,54,362,362,268
standalone,1.2,55,374,374,279
standalone,1.2,56,374,374,281
standalone,1.2,57,374,374,281
standalone,1.2,58,380,380,283
standalone,1.2,59,380,380,287
standalone,1.2,60,394,394,292
standalone,1.2,61,394,394,292
standalone,1.2,62,394,394,298
standalone,1.2,63,405,405,303
standalone,1.2,64,405,405,311
standalone,1.2,65,423,423,316
standalone,1.2,66,423,423,321
standalone,1.2,67,423,423,328
standalone,1.2,68,436,436,333
standalone,1.2,69,436,436,341
standalone,1.2,70,455,455,353
standalone,1.2,71,455,455,356
standalone,1.2,72,455,455,356
standalone,1.2,73,469,469,360
standalone,1.2,74,469,469,372
standalone,1.2,75,485,485,382
standalone,1.2,76,485,485,387
standalone,1.2,77,485,485,388
standalone,1.2,78,500,500,393
standalone,1.2,79,500,500,394
standalone,1.2,80,517,517,404
standalone,1.2,81,517,517,410
standalone,1.2,82,517,517,420
standalone,1.2,83,536,536,428
standalone,1.2,84,536,536,433
standalone,1.2,85,544,544,447
standalone,1.2,86,544,544,457
standalone,1.2,87,544,544,470
standalone,1.2,88,555,555,474
standalone,1.2,89,555,555,475
standalone,1.2,90,569,569,482
standalone,1.2,91,569,569,491
standalone,1.2,92,569,569,491
standalone,1.2,93,587,587,495
standalone,1.2,94,587,587,505
standalone,1.2,95,605,605,518
standalone,1.2,96,605,605,521
standalone,1.2,97,605,605,529
standalone,1.2,98,622,622,533
standalone,1.2,99,622,622,540
standalone,1.2,100,641,641,553
standalone,1.2,101,641,641,555
standalone,1.2,102,641,641,564
standalone,1.2,103,661,661,567
standalone,1.2,104,661,661,568
standalone,1.2,105,681,681,575
standalone,1.2,106,681,681,578
standalone,1.2,107,681,681,578
standalone,1.2,108,696,696,580
standalone,1.2,109,696,696,588
standalone,1.2,110,717,717,600
standalone,1.2,111,717,717,608
standalone,1.2,112,717,717,608
standalone,1.2,113,731,731,614
standalone,1.2,114,731,731,616
standalone,1.2,115,746,746,619
standalone,1.2,116,746,746,629
standalone,1.2,117,746,746,639
standalone,1.2,118,769,769,645
standalone,1.2,119,769,769,646
standalone,1.2,120,792,792,651
standalone,1.2,121,792,792,652
standalone,1.2,122,792,792,656
standalone,1.2,123,808,808,662
standalone,1.2,124,808,808,671
standalone,1.2,125,825,825,690
standalone,1.2,126,825,825,691
standalone,1.2,127,825,825,693
standalone,1.2,128,847,847,708
standalone,1.2,129,847,847,709
standalone,1.2,130,870,870,709
standalone,1.2,131,870,870,714
standalone,1.2,132,870,870,715
standalone,1.2,133,895,895,717
standalone,1.2,134,895,895,723
standalone,1.2,135,921,921,725
standalone,1.2,136,921,921,727
standalone,1.2,137,921,921,736
standalone,1.2,138,935,935,750
standalone,1.2,139,935,935,751
standalone,1.2,140,947,947,762
standalone,1.2,141,947,947,783
standalone,1.2,142,947,947,795
standalone,1.2,143,955,955,803
standalone,1.2,144,955,955,803
standalone,1.2,145,961,961,805
standalone,1.2,146,961,961,805
standalone,1.2,147,961,961,810
standalone,1.2,148,977,977,813
standalone,1.2,149,977,977,813
standalone,1.2,150,1002,1002,819
standalone,1.2,151,1002,1002,820
standalone,1.2,152,1002,1002,820
standalone,1.2,153,1019,1019,830
standalone,1.2,154,1019,1019,833
standalone,1.2,155,1045,1045,839
standalone,1.2,156,1045,1045,848
standalone,1.2,157,1045,1045,852
standalone,1.2,158,1062,1062,867
standalone,1.2,159,1062,1062,867
standalone,1.2,160,1073,1073,871
standalone,1.2,161,1073,1073,881
standalone,1.2,162,1073,1073,888
standalone,1.2,163,1090,1090,900
standalone,1.2,164,1090,1090,900
standalone,1.2,165,1109,1109,901
standalone,1.2,166,1109,1109,909
standalone,1.2,167,1109,1109,918
standalone,1.2,168,1129,1129,933
standalone,1.2,169,1129,1129,933
standalone,1.2,170,1142,1142,944
standalone,1.2,171,1142,1142,945
standalone,1.2,172,1142,1142,966
standalone,1.2,173,1164,1164,971
standalone,1.2,174,1164,1164,973
standalone,1.2,175,1180,1180,977
standalone,1.2,176,1180,1180,977
standalone,1.2,177,1180,1180,985
standalone,1.2,178,1192,1192,994
standalone,1.2,179,1192,1192,997
standalone,1.2,180,1210,1210,1007
standalone,1.2,181,1210,1210,1012
standalone,1.2,182,1210,1210,1029
standalone,1.2,183,1225,1225,1039
standalone,1.2,184,1225,1225,1041
standalone,1.2,185,1241,1241,1051
standalone,1.2,186,1241,1241,1060
standalone,1.2,187,1241,1241,1066
standalone,1.2,188,1257,1257,1071
standalone,1.2,189,1257,1257,1074
standalone,1.2,190,1257,1271,1083
standalone,1.2,191,1271,1271,1088
standalone,1.2,192,1271,1271,1088
standalone,1.2,193,1287,1287,1104
standalone,1.2,194,1287,1287,1111
standalone,1.2,195,1305,1305,1121
standalone,1.2,196,1305,1305,1123
standalone,1.2,197,1305,1305,1124
standalone,1.2,198,1316,1316,1128
standalone,1.2,199,1316,1316,1131
standalone,1.2,200,1325,1325,1133
standalone,1.2,201,1325,1325,1148
standalone,1.2,202,1325,1325,1163
standalone,1.2,203,1340,1340,1172
standalone,1.2,204,1340,1340,1173
standalone,1.2,205,1360,1360,1179
standalone,1.2,206,1360,1360,1181
standalone,1.2,207,1360,1360,1182
standalone,1.2,208,1377,1377,1190
standalone,1.2,209,1377,1377,1190
standalone,1.2,210,1392,1387,1211
standalone,1.2,211,1392,1392,1217
standalone,1.2,212,1392,1392,1219
standalone,1.2,213,1408,1408,1227
standalone,1.2,214,1408,1408,1227
standalone,1.2,215,1427,1427,1241
standalone,1.2,216,1427,1427,1247
standalone,1.2,217,1427,1427,1250
standalone,1.2,218,1446,1446,1256
standalone,1.2,219,1446,1446,1256
standalone,1.2,220,1473,1473,1277
standalone,1.2,221,1473,1473,1284
standalone,1.2,222,1473,1473,1285
standalone,1.2,223,1490,1490,1288
standalone,1.2,224,1490,1490,1292
standalone,1.2,225,1517,1517,1310
standalone,1.2,226,1517,1517,1320
standalone,1.2,227,1517,1517,1323
standalone,1.2,228,1535,1535,1326
standalone,1.2,229,1535,1535,1329
standalone,1.2,230,1551,1551,1343
standalone,1.2,231,1551,1551,1348
standalone,1.2,232,1551,1551,1361
standalone,1.2,233,1571,1571,1377
standalone,1.2,234,1571,1571,1380
standalone,1.2,235,1587,1587,1382
standalone,1.2,236,1587,1587,1389
standalone,1.2,237,1587,1587,1411
standalone,1.2,238,1605,1605,1420
standalone,1.2,239,1605,1605,1425
standalone,1.2,240,1615,1615,1434
standalone,1.2,241,1615,1615,1438
standalone,1.2,242,1615,1615,1445
standalone,1.2,243,1635,1635,1453
standalone,1.2,244,1635,1635,1455
standalone,1.2,245,1659,1659,1465
standalone,1.2,246,1659,1659,1470
standalone,1.2,247,1659,1659,1472
standalone,1.2,248,1684,1684,1489
standalone,1.2,249,1684,1684,1490
standalone,1.2,250,1703,1703,1492
standalone,1.2,251,1703,1703,1494
standalone,1.2,252,1703,1703,1495
standalone,1.2,253,1724,1724,1511
standalone,1.2,254,1724,1724,1513
standalone,1.2,255,1746,1746,1530
standalone,1.2,256,1746,1746,1540
standalone,1.2,257,1746,1746,1541
standalone,1.2,258,1769,1769,1549
standalone,1.2,259,1769,1769,1556
standalone,1.2,260,1783,1783,1566
standalone,1.2,261,1783,1783,1569
standalone,1.2,262,1783,1783,1570
standalone,1.2,263,1808,1808,1580
standalone,1.2,264,1808,1808,1581
standalone,1.2,265,1832,1832,1589
standalone,1.2,266,1832,1832,1597
standalone,1.2,267,1832,1832,1621
standalone,1.2,268,1855,1855,1641
standalone,1.2,269,1855,1855,1642
standalone,1.2,270,1879,1879,1649
standalone,1.2,271,1879,1879,1649
standalone,1.2,272,1879,1879,1651
standalone,1.2,273,1906,1906,1663
standalone,1.2,274,1906,1906,1669
standalone,1.2,275,1928,1928,1681
standalone,1.2,276,1928,1928,1687
standalone,1.2,277,1928,1928,1691
standalone,1.2,278,1950,1950,1715
standalone,1.2,279,1950,1950,1720
standalone,1.2,280,1970,1970,1721
standalone,1.2,281,1970,1970,1729
standalone,1.2,282,1970,1970,1747
standalone,1.2,283,1988,1988,1754
standalone,1.2,284,1988,1988,1760
standalone,1.2,285,2013,2013,1778
standalone,1.2,286,2013,2013,1782
standalone,1.2,287,2013,2013,1800
standalone,1.2,288,2038,2038,1812
standalone,1.2,289,2038,2038,1816
standalone,1.2,290,2070,2070,1817
standalone,1.2,291,2070,2070,1821
standalone,1.2,292,2070,2070,1821
standalone,1.2,293,2088,2088,1824
standalone,1.2,294,2088,2088,1828
standalone,1.2,295,2101,2101,1830
standalone,1.2,296,2101,2101,1832
standalone,1.2,297,2101,2101,1840
standalone,1.2,298,2119,2119,1845
standalone,1.2,299,2119,2119,1852
standalone,1.2,300,2144,2144,1862
standalone,1.2,301,2144,2144,1867
standalone,1.2,302,2144,2144,1875
standalone,1.2,303,2163,2163,1880
standalone,1.2,304,2163,2163,1886
standalone,1.2,305,2173,2173,1896
standalone,1.2,306,2173,2173,1900
standalone,1.2,307,2173,2173,1902
standalone,1.2,308,2198,2198,1906
standalone,1.2,309,2198,2198,1917
standalone,1.2,310,2217,2217,1927
standalone,1.2,311,2217,2217,1935
standalone,1.2,312,2217,2217,1941
standalone,1.2,313,2231,2231,1949
standalone,1.2,314,2231,2231,1963
standalone,1.2,315,2250,2250,1968
standalone,1.2,316,2250,2250,1973
standalone,1.2,317,2250,2250,1982
standalone,1.2,318,2275,2275,1991
standalone,1.2,319,2275,2275,1991
standalone,1.2,320,2292,2292,1997
standalone,1.2,321,2292,2292,2007
standalone,1.2,322,2292,2292,2016
standalone,1.2,323,2318,2318,2018
standalone,1.2,324,2318,2318,2025
standalone,1.2,325,2347,2347,2033
standalone,1.2,326,2347,2347,2044
standalone,1.2,327,2347,2347,2051
standalone,1.2,328,2363,2363,2058
standalone,1.2,329,2363,2363,2075
standalone,1.2,330,2379,2379,2087
standalone,1.2,331,2379,2379,2098
standalone,1.2,332,2379,2379,2111
standalone,1.2,333,2403,2403,2116
standalone,1.2,334,2403,2403,2119
standalone,1.2,335,2419,2419,2126
standalone,1.2,336,2419,2419,2139
standalone,1.2,337,2419,2419,2146
standalone,1.2,338,2435,2435,2154
standalone,1.2,339,2435,2435,2158
standalone,1.2,340,2452,2452,2163
standalone,1.2,341,2452,2452,2169
standalone,1.2,342,2452,2452,2181
standalone,1.2,343,2469,2469,2189
standalone,1.2,344,2469,2469,2195
standalone,1.2,345,2484,2484,2202
standalone,1.2,346,2484,2484,2208
standalone,1.2,347,2484,2484,2215
standalone,1.2,348,2510,2510,2222
standalone,1.2,349,2510,2510,2232
standalone,1.2,350,2531,2531,2248
standalone,1.2,351,2531,2531,2255
standalone,1.2,352,2531,2531,2264
standalone,1.2,353,2544,2544,2273
standalone,1.2,354,2544,2544,2283
standalone,1.2,355,2555,2555,2287
standalone,1.2,356,2555,2555,2295
standalone,1.2,357,2555,2555,2298
standalone,1.2,358,2578,2578,2315
standalone,1.2,359,2578,2578,2317
standalone,1.2,360,2597,2597,2323
standalone,1.2,361,2597,2597,2329
standalone,1.2,362,2597,2597,2340
standalone,1.2,363,2628,2628,2344
standalone,1.2,364,2628,2628,2353
standalone,1.2,365,2641,2641,2361
standalone,1.2,366,2641,2641,2370
standalone,1.2,367,2641,2641,2380
standalone,1.2,368,2666,2666,2386
standalone,1.2,369,2666,2666,2392
standalone,1.2,370,2685,2685,2402
standalone,1.2,371,2685,2685,2410
standalone,1.2,372,2685,2685,2421
standalone,1.2,373,2700,2700,2432
standalone,1.2,374,2700,2700,2442
standalone,1.2,375,2725,2725,2462
standalone,1.2,376,2725,2725,2471
standalone,1.2,377,2725,2725,2471
standalone,1.2,378,2742,2742,2476
standalone,1.2,379,2742,2742,2481
standalone,1.2,380,2750,2750,2488
standalone,1.2,381,2750,2750,2493
standalone,1.2,382,2750,2750,2499
standalone,1.2,383,2765,2765,2512
standalone,1.2,384,2765,2765,2516
standalone,1.2,385,2782,2782,2532
standalone,1.2,386,2782,2782,2536
standalone,1.2,387,2782,2782,2538
standalone,1.2,388,2803,2803,2549
standalone,1.2,389,2803,2803,2551
standalone,1.2,390,2823,2823,2552
standalone,1.2,391,2823,2823,2564
standalone,1.2,392,2823,2823,2568
standalone,1.2,393,2842,2842,2573
standalone,1.2,394,2842,2842,2576
standalone,1.2,395,2864,2864,2581
standalone,1.2,396,2864,2864,2586
standalone,1.2,397,2864,2864,2593
standalone,1.2,398,2881,2881,2606
standalone,1.2,399,2881,2881,2614
standalone,1.2,400,2896,2896,2627
standalone,1.2,401,2896,2896,2628
standalone,1.2,402,2896,2896,2628
standalone,1.2,403,2917,2917,2641
standalone,1.2,404,2917,2917,2647
standalone,1.2,405,2931,2931,2654
standalone,1.2,406,2931,2931,2664
standalone,1.2,407,2931,2931,2667
standalone,1.2,408,2953,2953,2672
standalone,1.2,409,2953,2953,2677
standalone,1.2,410,2965,2965,2690
standalone,1.2,411,2965,2965,2695
standalone,1.2,412,2965,2965,2695
standalone,1.2,413,2984,2984,2708
standalone,1.2,414,2984,2984,2710
standalone,1.2,415,2994,2994,2719
standalone,1.2,416,2994,2994,2724
standalone,1.2,417,2994,2994,2724
standalone,1.2,418,3011,3011,2730
standalone,1.2,419,3011,3011,2735
standalone,1.2,420,3033,3033,2737
standalone,1.2,421,3033,3033,2743
standalone,1.2,422,3033,3033,2749
standalone,1.2,423,3049,3049,2751
standalone,1.2,424,3049,3049,2754
standalone,1.2,425,3074,3074,2755
standalone,1.2,426,3074,3074,2760
standalone,1.2,427,3074,3074,2768
standalone,1.2,428,3109,3109,2776
standalone,1.2,429,3109,3109,2779
standalone,1.2,430,3127,3127,2784
standalone,1.2,431,3127,3127,2789
standalone,1.2,432,3127,3127,2799
standalone,1.2,433,3143,3143,2807
standalone,1.2,434,3143,3143,2812
standalone,1.2,435,3175,3175,2814
standalone,1.2,436,3175,3175,2819
standalone,1.2,437,3175,3175,2824
standalone,1.2,438,3187,3187,2833
standalone,1.2,439,3187,3187,2840
standalone,1.2,440,3199,3199,2844
standalone,1.2,441,3199,3199,2852
standalone,1.2,442,3199,3199,2862
standalone,1.2,443,3226,3226,2866
standalone,1.2,444,3226,3226,2873
standalone,1.2,445,3239,3239,2878
standalone,1.2,446,3239,3239,2887
standalone,1.2,447,3239,3239,2901
standalone,1.2,448,3257,3257,2909
standalone,1.2,449,3257,3257,2913
standalone,1.2,450,3278,3278,2921
standalone,1.2,451,3278,3278,2929
standalone,1.2,452,3278,3278,2938
standalone,1.2,453,3286,3286,2948
standalone,1.2,454,3286,3286,2963
standalone,1.2,455,3306,3306,2969
standalone,1.2,456,3306,3306,2979
standalone,1.2,457,3306,3306,2986
standalone,1.2,458,3317,3317,2999
standalone,1.2,459,3317,3317,3011
standalone,1.2,460,3337,3337,3021
standalone,1.2,461,3337,3337,3024
standalone,1.2,462,3337,3337,3028
standalone,1.2,463,3357,3357,3032
standalone,1.2,464,3357,3357,3047
standalone,1.2,465,3372,3372,3050
standalone,1.2,466,3372,3372,3062
standalone,1.2,467,3372,3372,3073
standalone,1.2,468,3383,3383,3084
standalone,1.2,469,3383,3383,3086
standalone,1.2,470,3398,3398,3089
standalone,1.2,471,3398,3398,3096
standalone,1.2,472,3398,3398,3109
standalone,1.2,473,3412,3412,3113
standalone,1.2,474,3412,3412,3116
standalone,1.2,475,3427,3427,3122
standalone,1.2,476,3427,3427,3133
standalone,1.2,477,3427,3427,3141
standalone,1.2,478,3440,3440,3147
standalone,1.2,479,3440,3440,3156
standalone,1.2,480,3448,3448,3162
standalone,1.2,481,3448,3448,3169
standalone,1.2,482,3448,3448,3171
standalone,1.2,483,3461,3461,3175
standalone,1.2,484,3461,3461,3189
standalone,1.2,485,3478,3478,3201
standalone,1.2,486,3478,3478,3210
standalone,1.2,487,3478,3478,3214
standalone,1.2,488,3499,3499,3221
standalone,1.2,489,3499,3499,3227
standalone,1.2,490,3532,3532,3235
standalone,1.2,491,3532,3532,3241
standalone,1.2,492,3532,3532,3243
standalone,1.2,493,3562,3562,3255
standalone,1.2,494,3562,3562,3264
standalone,1.2,495,3589,3589,3269
standalone,1.2,496,3589,3589,3282
standalone,1.2,497,3589,3589,3293
standalone,1.2,498,3617,3617,3297
standalone,1.2,499,3617,3617,3307
standalone,1.2,500,3643,3643,3312
standalone,1.2,501,3643,3643,3326
standalone,1.2,502,3643,3643,3338
standalone,1.2,503,3643,3643,3355
standalone,1.2,504,3643,3643,3363
standalone,1.2,505,3643,3643,3372
standalone,1.2,506,3643,3643,3379
standalone,1.2,507,3643,3643,3386
standalone,1.2,508,3643,3643,3395
standalone,1.2,509,3643,3643,3423
standalone,1.2,510,3643,3643,3429
standalone,1.2,511,3643,3643,3440
standalone,1.2,512,3643,3643,3452
standalone,1.2,513,3643,3643,3457
standalone,1.2,514,3643,3643,3466
standalone,1.2,515,3643,3643,3475
standalone,1.2,516,3643,3643,3484
standalone,1.2,517,3643,3643,3491
standalone,1.2,518,3643,3643,3499
standalone,1.2,519,3643,3643,3508
standalone,1.2,520,3643,3643,3515
standalone,1.2,521,3643,3643,3526
standalone,1.2,522,3643,3643,3539
standalone,1.2,523,3643,3643,3548
standalone,1.2,524,3643,3643,3556
standalone,1.2,525,3643,3643,3569
standalone,1.2,526,3643,3643,3580
standalone,1.2,527,3643,3643,3590
standalone,1.2,528,3643,3643,3602
standalone,1.2,529,3643,3643,3613
standalone,1.2,530,3643,3643,3622
standalone,1.2,531,3643,3643,3624
standalone,1.2,532,3643,3643,3628
standalone,1.2,533,3643,3643,3636
standalone,1.2,534,3643,3643,3636
standalone,1.2,535,3643,3643,3639
standalone,1.2,536,3643,3643,3640
standalone,1.2,537,3643,3643,3640
standalone,1.2,538,3643,3643,3640
standalone,1.2,539,3643,3643,3641
standalone,1.2,540,3643,3643,3641
standalone,1.2,541,3643,3643,3642
standalone,1.2,542,3643,3643,3642
pd,1.2,0,17,1,0
pd,1.2,1,17,17,2
pd,1.2,2,17,17,6
pd,1.2,3,28,28,11
pd,1.2,4,28,28,12
pd,1.2,5,49,48,17
pd,1.2,6,49,49,19
pd,1.2,7,49,49,24
pd,1.2,8,60,60,36
pd,1.2,9,60,60,38
pd,1.2,10,76,76,45
pd,1.2,11,76,76,47
pd,1.2,12,76,76,60
pd,1.2,13,100,100,62
pd,1.2,14,100,100,66
pd,1.2,15,112,112,74
pd,1.2,16,112,112,83
pd,1.2,17,112,112,85
pd,1.2,18,129,129,90
pd,1.2,19,129,129,97
pd,1.2,20,146,146,101
pd,1.2,21,146,146,107
pd,1.2,22,146,146,114
pd,1.2,23,156,156,123
pd,1.2,24,156,156,130
pd,1.2,25,178,178,139
pd,1.2,26,178,178,143
pd,1.2,27,178,178,148
pd,1.2,28,195,195,155
pd,1.2,29,195,195,161
pd,1.2,30,217,217,165
pd,1.2,31,217,217,172
pd,1.2,32,217,217,181
pd,1.2,33,228,228,190
pd,1.2,34,228,228,191
pd,1.2,35,242,242,195
pd,1.2,36,242,242,201
pd,1.2,37,242,242,204
pd,1.2,38,261,261,208
pd,1.2,39,261,261,215
pd,1.2,40,280,280,221
pd,1.2,41,280,280,230
pd,1.2,42,280,280,234
pd,1.2,43,292,292,247
pd,1.2,44,292,292,256
pd,1.2,45,308,308,262
pd,1.2,46,308,308,267
pd,1.2,47,308,308,281
pd,1.2,48,328,328,285
pd,1.2,49,328,328,287
pd,1.2,50,349,349,302
pd,1.2,51,349,349,312
pd,1.2,52,349,349,317
pd,1.2,53,362,362,329
pd,1.2,54,362,362,334
pd,1.2,55,374,374,347
pd,1.2,56,374,374,348
pd,1.2,57,374,374,351
pd,1.2,58,380,380,354
pd,1.2,59,380,380,358
pd,1.2,60,394,394,365
pd,1.2,61,394,394,367
pd,1.2,62,394,394,372
pd,1.2,63,405,405,377
pd,1.2,64,405,405,384
pd,1.2,65,423,423,387
pd,1.2,66,423,423,392
pd,1.2,67,423,423,396
pd,1.2,68,436,436,404
pd,1.2,69,436,436,410
pd,1.2,70,455,455,419
pd,1.2,71,455,455,419
pd,1.2,72,455,455,422
pd,1.2,73,469,469,432
pd,1.2,74,469,469,437
pd,1.2,75,485,485,448
pd,1.2,76,485,485,451
pd,1.2,77,485,485,459
pd,1.2,78,500,500,468
pd,1.2,79,500,500,471
pd,1.2,80,517,517,480
pd,1.2,81,517,517,486
pd,1.2,82,517,517,495
pd,1.2,83,536,536,499
pd,1.2,84,536,536,504
pd,1.2,85,544,544,519
pd,1.2,86,544,544,528
pd,1.2,87,544,544,535
pd,1.2,88,555,555,538
pd,1.2,89,555,555,545
pd,1.2,90,569,569,548
pd,1.2,91,569,569,550
pd,1.2,92,569,569,555
pd,1.2,93,587,587,557
pd,1.2,94,587,587,560
pd,1.2,95,605,605,571
pd,1.2,96,605,605,574
pd,1.2,97,605,605,583
pd,1.2,98,622,622,588
pd,1.2,99,622,622,589
pd,1.2,100,641,641,601
pd,1.2,101,641,641,603
pd,1.2,102,641,641,612
pd,1.2,103,661,661,621
pd,1.2,104,661,661,625
pd,1.2,105,681,679,629
pd,1.2,106,681,681,641
pd,1.2,107,681,681,644
pd,1.2,108,696,696,653
pd,1.2,109,696,696,656
pd,1.2,110,717,717,660
pd,1.2,111,717,717,671
pd,1.2,112,717,717,676
pd,1.2,113,731,731,679
pd,1.2,114,731,731,686
pd,1.2,115,746,746,692
pd,1.2,116,746,746,701
pd,1.2,117,746,746,710
pd,1.2,118,769,769,717
pd,1.2,119,769,769,724
pd,1.2,120,792,792,728
pd,1.2,121,792,792,737
pd,1.2,122,792,792,743
pd,1.2,123,808,808,755
pd,1.2,124,808,808,762
pd,1.2,125,825,825,771
pd,1.2,126,825,825,779
pd,1.2,127,825,825,787
pd,1.2,128,847,847,795
pd,1.2,129,847,847,800
pd,1.2,130,870,870,805
pd,1.2,131,870,870,812
pd,1.2,132,870,870,817
pd,1.2,133,895,895,828
pd,1.2,134,895,895,836
pd,1.2,135,921,921,841
pd,1.2,136,921,921,848
pd,1.2,137,921,921,856
pd,1.2,138,935,935,864
pd,1.2,139,935,935,873
pd,1.2,140,947,947,878
pd,1.2,141,947,947,884
pd,1.2,142,947,947,893
pd,1.2,143,955,955,901
pd,1.2,144,955,955,910
pd,1.2,145,961,961,918
pd,1.2,146,961,961,920
pd,1.2,147,961,961,923
pd,1.2,148,977,977,927
pd,1.2,149,977,977,933
pd,1.2,150,1002,1002,942
pd,1.2,151,1002,1002,947
pd,1.2,152,1002,1002,954
pd,1.2,153,1019,1019,961
pd,1.2,154,1019,1019,972
pd,1.2,155,1045,1045,982
pd,1.2,156,1045,1045,989
pd,1.2,157,1045,1045,994
pd,1.2,158,1062,1062,1003
pd,1.2,159,1062,1062,1010
pd,1.2,160,1073,1073,1017
pd,1.2,161,1073,1073,1022
pd,1.2,162,1073,1073,1027
pd,1.2,163,1090,1090,1030
pd,1.2,164,1090,1090,1033
pd,1.2,165,1109,1109,1042
pd,1.2,166,1109,1109,1048
pd,1.2,167,1109,1109,1053
pd,1.2,168,1129,1129,1068
pd,1.2,169,1129,1129,1075
pd,1.2,170,1142,1142,1085
pd,1.2,171,1142,1142,1096
pd,1.2,172,1142,1142,1105
pd,1.2,173,1164,1164,1112
pd,1.2,174,1164,1164,1117
pd,1.2,175,1180,1180,1126
pd,1.2,176,1180,1180,1134
pd,1.2,177,1180,1180,1139
pd,1.2,178,1192,1192,1153
pd,1.2,179,1192,1192,1165
pd,1.2,180,1210,1210,1168
pd,1.2,181,1210,1210,1173
pd,1.2,182,1210,1210,1178
pd,1.2,183,1225,1225,1186
pd,1.2,184,1225,1225,1186
pd,1.2,185,1241,1241,1198
pd,1.2,186,1241,1241,1203
pd,1.2,187,1241,1241,1209
pd,1.2,188,1257,1257,1217
pd,1.2,189,1257,1257,1223
pd,1.2,190,1257,1271,1233
pd,1.2,191,1271,1271,1235
pd,1.2,192,1271,1271,1241
pd,1.2,193,1287,1287,1248
pd,1.2,194,1287,1287,1254
pd,1.2,195,1305,1305,1260
pd,1.2,196,1305,1305,1264
pd,1.2,197,1305,1305,1269
pd,1.2,198,1316,1316,1275
pd,1.2,199,1316,1316,1280
pd,1.2,200,1325,1325,1284
pd,1.2,201,1325,1325,1289
pd,1.2,202,1325,1325,1299
pd,1.2,203,1340,1340,1303
pd,1.2,204,1340,1340,1305
pd,1.2,205,1360,1360,1307
pd,1.2,206,1360,1360,1315
pd,1.2,207,1360,1360,1317
pd,1.2,208,1377,1377,1326
pd,1.2,209,1377,1377,1337
pd,1.2,210,1392,1392,1346
pd,1.2,211,1392,1392,1352
pd,1.2,212,1392,1392,1357
pd,1.2,213,1408,1408,1363
pd,1.2,214,1408,1408,1370
pd,1.2,215,1427,1427,1379
pd,1.2,216,1427,1427,1386
pd,1.2,217,1427,1427,1394
pd,1.2,218,1446,1446,1403
pd,1.2,219,1446,1446,1409
pd,1.2,220,1473,1473,1422
pd,1.2,221,1473,1473,1427
pd,1.2,222,1473,1473,1431
pd,1.2,223,1490,1490,1439
pd,1.2,224,1490,1490,1450
pd,1.2,225,1517,1517,1453
pd,1.2,226,1517,1517,1456
pd,1.2,227,1517,1517,1462
pd,1.2,228,1535,1535,1472
pd,1.2,229,1535,1535,1477
pd,1.2,230,1551,1551,1479
pd,1.2,231,1551,1551,1484
pd,1.2,232,1551,1551,1494
pd,1.2,233,1571,1571,1503
pd,1.2,234,1571,1571,1509
pd,1.2,235,1587,1587,1519
pd,1.2,236,1587,1587,1533
pd,1.2,237,1587,1587,1538
pd,1.2,238,1605,1605,1551
pd,1.2,239,1605,1605,1559
pd,1.2,240,1615,1615,1566
pd,1.2,241,1615,1615,1576
pd,1.2,242,1615,1615,1579
pd,1.2,243,1635,1635,1585
pd,1.2,244,1635,1635,1590
pd,1.2,245,1659,1659,1600
pd,1.2,246,1659,1659,1613
pd,1.2,247,1659,1659,1617
pd,1.2,248,1684,1684,1627
pd,1.2,249,1684,1684,1634
pd,1.2,250,1703,1703,1642
pd,1.2,251,1703,1703,1649
pd,1.2,252,1703,1703,1658
pd,1.2,253,1724,1724,1668
pd,1.2,254,1724,1724,1678
pd,1.2,255,1746,1746,1682
pd,1.2,256,1746,1746,1693
pd,1.2,257,1746,1746,1699
pd,1.2,258,1769,1769,1706
pd,1.2,259,1769,1769,1714
pd,1.2,260,1783,1783,1719
pd,1.2,261,1783,1783,1723
pd,1.2,262,1783,1783,1732
pd,1.2,263,1808,1808,1738
pd,1.2,264,1808,1808,1749
pd,1.2,265,1832,1829,1753
pd,1.2,266,1832,1832,1758
pd,1.2,267,1832,1832,1767
pd,1.2,268,1855,1855,1777
pd,1.2,269,1855,1855,1785
pd,1.2,270,1879,1879,1797
pd,1.2,271,1879,1879,1807
pd,1.2,272,1879,1879,1822
pd,1.2,273,1906,1906,1825
pd,1.2,274,1906,1906,1836
pd,1.2,275,1928,1928,1841
pd,1.2,276,1928,1928,1849
pd,1.2,277,1928,1928,1860
pd,1.2,278,1950,1950,1874
pd,1.2,279,1950,1950,1884
pd,1.2,280,1970,1970,1893
pd,1.2,281,1970,1970,1901
pd,1.2,282,1970,1970,1910
pd,1.2,283,1988,1988,1921
pd,1.2,284,1988,1988,1927
pd,1.2,285,2013,2013,1935
pd,1.2,286,2013,2013,1944
pd,1.2,287,2013,2013,1954
pd,1.2,288,2038,2038,1966
pd,1.2,289,2038,2038,1979
pd,1.2,290,2070,2070,1990
pd,1.2,291,2070,2070,2000
pd,1.2,292,2070,2070,2007
pd,1.2,293,2088,2088,2009
pd,1.2,294,2088,2088,2019
pd,1.2,295,2101,2101,2030
pd,1.2,296,2101,2101,2037
pd,1.2,297,2101,2101,2041
pd,1.2,298,2119,2119,2045
pd,1.2,299,2119,2119,2052
pd,1.2,300,2144,2144,2058
pd,1.2,301,2144,2144,2068
pd,1.2,302,2144,2144,2077
pd,1.2,303,2163,2163,2086
pd,1.2,304,2163,2163,2090
pd,1.2,305,2173,2173,2095
pd,1.2,306,2173,2173,2107
pd,1.2,307,2173,2173,2112
pd,1.2,308,2198,2198,2122
pd,1.2,309,2198,2198,2131
pd,1.2,310,2217,2217,2142
pd,1.2,311,2217,2217,2158
pd,1.2,312,2217,2217,2166
pd,1.2,313,2231,2231,2175
pd,1.2,314,2231,2231,2181
pd,1.2,315,2250,2250,2192
pd,1.2,316,2250,2250,2196
pd,1.2,317,2250,2250,2202
pd,1.2,318,2275,2275,2210
pd,1.2,319,2275,2275,2215
pd,1.2,320,2292,2292,2222
pd,1.2,321,2292,2292,2229
pd,1.2,322,2292,2292,2239
pd,1.2,323,2318,2318,2245
pd,1.2,324,2318,2318,2258
pd,1.2,325,2347,2347,2262
pd,1.2,326,2347,2347,2276
pd,1.2,327,2347,2347,2290
pd,1.2,328,2363,2363,2301
pd,1.2,329,2363,2363,2310
pd,1.2,330,2379,2379,2322
pd,1.2,331,2379,2379,2337
pd,1.2,332,2379,2379,2344
pd,1.2,333,2403,2403,2354
pd,1.2,334,2403,2403,2363
pd,1.2,335,2419,2419,2368
pd,1.2,336,2419,2419,2380
pd,1.2,337,2419,2419,2389
pd,1.2,338,2435,2435,2392
pd,1.2,339,2435,2435,2397
pd,1.2,340,2452,2452,2409
pd,1.2,341,2452,2452,2414
pd,1.2,342,2452,2452,2419
pd,1.2,343,2469,2469,2424
pd,1.2,344,2469,2469,2430
pd,1.2,345,2484,2484,2437
pd,1.2,346,2484,2484,2443
pd,1.2,347,2484,2484,2453
pd,1.2,348,2510,2510,2461
pd,1.2,349,2510,2510,2464
pd,1.2,350,2531,2531,2475
pd,1.2,351,2531,2531,2485
pd,1.2,352,2531,2531,2494
pd,1.2,353,2544,2544,2509
pd,1.2,354,2544,2544,2516
pd,1.2,355,2555,2555,2525
pd,1.2,356,2555,2555,2527
pd,1.2,357,2555,2555,2529
pd,1.2,358,2578,2578,2532
pd,1.2,359,2578,2578,2533
pd,1.2,360,2597,2597,2539
pd,1.2,361,2597,2597,2549
pd,1.2,362,2597,2597,2552
pd,1.2,363,2628,2628,2561
pd,1.2,364,2628,2628,2571
pd,1.2,365,2641,2641,2579
pd,1.2,366,2641,2641,2594
pd,1.2,367,2641,2641,2602
pd,1.2,368,2666,2666,2608
pd,1.2,369,2666,2666,2620
pd,1.2,370,2685,2685,2628
pd,1.2,371,2685,2685,2632
pd,1.2,372,2685,2685,2646
pd,1.2,373,2700,2700,2658
pd,1.2,374,2700,2700,2668
pd,1.2,375,2725,2725,2680
pd,1.2,376,2725,2725,2684
pd,1.2,377,2725,2725,2691
pd,1.2,378,2742,2742,2698
pd,1.2,379,2742,2742,2702
pd,1.2,380,2750,2749,2705
pd,1.2,381,2750,2750,2710
pd,1.2,382,2750,2750,2713
pd,1.2,383,2765,2765,2720
pd,1.2,384,2765,2765,2727
pd,1.2,385,2782,2782,2735
pd,1.2,386,2782,2782,2740
pd,1.2,387,2782,2782,2744
pd,1.2,388,2803,2803,2754
pd,1.2,389,2803,2803,2760
pd,1.2,390,2823,2823,2769
pd,1.2,391,2823,2823,2776
pd,1.2,392,2823,2823,2778
pd,1.2,393,2842,2842,2785
pd,1.2,394,2842,2842,2792
pd,1.2,395,2864,2864,2798
pd,1.2,396,2864,2864,2798
pd,1.2,397,2864,2864,2809
pd,1.2,398,2881,2881,2818
pd,1.2,399,2881,2881,2819
pd,1.2,400,2896,2896,2830
pd,1.2,401,2896,2896,2838
pd,1.2,402,2896,2896,2845
pd,1.2,403,2917,2917,2849
pd,1.2,404,2917,2917,2854
pd,1.2,405,2931,2931,2864
pd,1.2,406,2931,2931,2872
pd,1.2,407,2931,2931,2877
pd,1.2,408,2953,2953,2884
pd,1.2,409,2953,2953,2890
pd,1.2,410,2965,2965,2897
pd,1.2,411,2965,2965,2906
pd,1.2,412,2965,2965,2913
pd,1.2,413,2984,2984,2922
pd,1.2,414,2984,2984,2927
pd,1.2,415,2994,2994,2940
pd,1.2,416,2994,2994,2945
pd,1.2,417,2994,2994,2954
pd,1.2,418,3011,3011,2958
pd,1.2,419,3011,3011,2958
pd,1.2,420,3033,3033,2963
pd,1.2,421,3033,3033,2966
pd,1.2,422,3033,3033,2970
pd,1.2,423,3049,3049,2976
pd,1.2,424,3049,3049,2985
pd,1.2,425,3074,3074,2990
pd,1.2,426,3074,3074,2993
pd,1.2,427,3074,3074,2999
pd,1.2,428,3109,3109,3008
pd,1.2,429,3109,3109,3013
pd,1.2,430,3127,3127,3019
pd,1.2,431,3127,3127,3025
pd,1.2,432,3127,3127,3039
pd,1.2,433,3143,3143,3047
pd,1.2,434,3143,3143,3057
pd,1.2,435,3175,3175,3069
pd,1.2,436,3175,3175,3080
pd,1.2,437,3175,3175,3094
pd,1.2,438,3187,3187,3102
pd,1.2,439,3187,3187,3108
pd,1.2,440,3199,3199,3121
pd,1.2,441,3199,3199,3129
pd,1.2,442,3199,3199,3139
pd,1.2,443,3226,3226,3150
pd,1.2,444,3226,3226,3159
pd,1.2,445,3239,3239,3169
pd,1.2,446,3239,3239,3181
pd,1.2,447,3239,3239,3190
pd,1.2,448,3257,3257,3201
pd,1.2,449,3257,3257,3208
pd,1.2,450,3278,3278,3232
pd,1.2,451,3278,3278,3236
pd,1.2,452,3278,3278,3246
pd,1.2,453,3286,3286,3252
pd,1.2,454,3286,3286,3254
pd,1.2,455,3306,3306,3263
pd,1.2,456,3306,3306,3267
pd,1.2,457,3306,3306,3276
pd,1.2,458,3317,3317,3283
pd,1.2,459,3317,3317,3287
pd,1.2,460,3337,3337,3298
pd,1.2,461,3337,3337,3303
pd,1.2,462,3337,3337,3309
pd,1.2,463,3357,3357,3318
pd,1.2,464,3357,3357,3319
pd,1.2,465,3372,3372,3325
pd,1.2,466,3372,3372,3334
pd,1.2,467,3372,3372,3343
pd,1.2,468,3383,3383,3351
pd,1.2,469,3383,3383,3357
pd,1.2,470,3398,3398,3365
pd,1.2,471,3398,3398,3368
pd,1.2,472,3398,3398,3376
pd,1.2,473,3412,3412,3383
pd,1.2,474,3412,3412,3387
pd,1.2,475,3427,3427,3400
pd,1.2,476,3427,3427,3404
pd,1.2,477,3427,3427,3407
pd,1.2,478,3440,3440,3411
pd,1.2,479,3440,3440,3418
pd,1.2,480,3448,3448,3423
pd,1.2,481,3448,3448,3425
pd,1.2,482,3448,3448,3431
pd,1.2,483,3461,3461,3435
pd,1.2,484,3461,3461,3443
pd,1.2,485,3478,3478,3451
pd,1.2,486,3478,3478,3451
pd,1.2,487,3478,3478,3457
pd,1.2,488,3499,3499,3462
pd,1.2,489,3499,3499,3463
pd,1.2,490,3532,3532,3467
pd,1.2,491,3532,3532,3471
pd,1.2,492,3532,3532,3475
pd,1.2,493,3562,3562,3483
pd,1.2,494,3562,3562,3499
pd,1.2,495,3589,3589,3509
pd,1.2,496,3589,3589,3522
pd,1.2,497,3589,3589,3534
pd,1.2,498,3617,3617,3538
pd,1.2,499,3617,3617,3550
pd,1.2,500,3643,3643,3556
pd,1.2,501,3643,3643,3564
pd,1.2,502,3643,3643,3583
pd,1.2,503,3643,3643,3592
pd,1.2,504,3643,3643,3603
pd,1.2,505,3643,3643,3607
pd,1.2,506,3643,3643,3615
pd,1.2,507,3643,3643,3619
pd,1.2,508,3643,3643,3620
pd,1.2,509,3643,3643,3623
pd,1.2,510,3643,3643,3625
pd,1.2,511,3643,3643,3627
pd,1.2,512,3643,3643,3629
pd,1.2,513,3643,3643,3632
pd,1.2,514,3643,3643,3636
pd,1.2,515,3643,3643,3637
pd,1.2,516,3643,3643,3641
pd,1.2,517,3643,3643,3643
pd,1.2,518,3643,3643,3643
